lv	格	行	行长	色	洞	冰	槽	管	水	需	最大层	密度	预估步	tile	gridY0	货架底
1	9	3	3,3,3	3	0	0	5	3	27	27	9	37	62	124	767	1163
2	9	3	3,3,3	3	0	0	5	3	27	27	9	37	62	124	767	1163
3	9	3	3,3,3	3	0	0	5	3	27	27	9	37	62	124	767	1163
4	9	3	3,3,3	3	0	0	5	3	27	27	9	37	62	124	767	1163
5	9	3	3,3,3	3	0	0	5	3	27	27	9	37	62	124	767	1163
6	12	3	4,4,4	4	1	0	5	3	39	39	13	51.8	90	124	767	1163
7	12	3	4,4,4	4	1	1	5	4	39	39	10	57	90	124	767	1163
8	12	3	4,4,4	4	1	1	5	4	39	39	10	57	90	124	767	1163
9	15	3	5,5,5	4	1	1	5	4	48	48	12	58.8	110	124	767	1163
10	15	3	5,5,5	4	2	1	5	4	51	51	13	65.8	117	124	767	1163
11	15	3	5,5,5	4	1	0	5	4	48	48	12	54.8	110	124	767	1163
12	15	3	5,5,5	4	1	0	5	5	48	48	10	56	110	124	767	1163
13	18	3	6,6,6	4	2	1	5	5	60	60	12	68.8	138	105	796	1135
14	18	3	6,6,6	4	2	2	5	5	60	60	12	72.8	138	105	796	1135
15	18	3	6,6,6	5	3	2	5	6	63	63	11	87	145	105	796	1135
16	20	4	5,5,5,5	5	2	1	5	6	66	66	11	77.2	152	90	767	1163
17	20	4	5,5,5,5	5	2	1	6	6	66	66	11	72.2	152	90	767	1163
18	20	4	5,5,5,5	5	3	2	6	7	75	75	11	84.4	173	90	767	1163
19	24	4	6,6,6,6	5	3	3	6	7	90	90	13	90.8	207	90	767	1163
20	24	4	6,6,6,6	5	4	3	6	7	90	90	13	97.8	207	90	767	1163
21	24	4	6,6,6,6	6	3	2	6	7	90	90	13	92.8	207	90	767	1163
22	24	4	6,6,6,6	6	3	2	6	7	90	90	13	92.8	207	90	767	1163
23	24	4	6,6,6,6	6	4	3	6	7	90	90	13	103.8	207	90	767	1163
24	24	4	6,6,6,6	6	4	4	6	7	90	90	13	107.8	207	90	767	1163
25	24	4	6,6,6,6	6	4	4	6	7	90	90	13	107.8	207	90	767	1163
26	24	4	6,6,6,6	6	3	3	6	7	90	90	13	96.8	207	90	767	1163
27	24	4	6,6,6,6	6	3	3	6	7	90	90	13	96.8	207	90	767	1163
28	24	4	6,6,6,6	6	4	4	6	7	90	90	13	107.8	207	90	767	1163
29	24	4	6,6,6,6	6	4	4	6	7	90	90	13	107.8	207	90	767	1163
30	24	4	6,6,6,6	6	4	4	6	7	90	90	13	107.8	207	90	767	1163
31	24	4	6,6,6,6	6	3	3	6	7	90	90	13	96.8	207	90	767	1163
32	24	4	6,6,6,6	6	3	3	6	7	90	90	13	96.8	207	90	767	1163
33	24	4	6,6,6,6	6	4	4	6	7	90	90	13	107.8	207	90	767	1163
34	24	4	6,6,6,6	6	4	4	6	7	90	90	13	107.8	207	90	767	1163
35	24	4	6,6,6,6	6	4	4	6	7	90	90	13	107.8	207	90	767	1163
36	24	4	6,6,6,6	6	3	3	6	7	90	90	13	96.8	207	90	767	1163
37	24	4	6,6,6,6	6	3	3	6	7	90	90	13	96.8	207	90	767	1163
38	24	4	6,6,6,6	6	4	4	6	7	90	90	13	107.8	207	90	767	1163
39	24	4	6,6,6,6	6	4	4	6	7	90	90	13	107.8	207	90	767	1163
40	24	4	6,6,6,6	6	4	4	6	7	90	90	13	107.8	207	90	767	1163